-- phpMyAdmin SQL Dump
-- version 5.2.1
-- https://www.phpmyadmin.net/
--
-- Servidor: 127.0.0.1
-- Tiempo de generación: 19-02-2026 a las 16:27:49
-- Versión del servidor: 10.4.32-MariaDB
-- Versión de PHP: 8.2.12

SET SQL_MODE = "NO_AUTO_VALUE_ON_ZERO";
START TRANSACTION;
SET time_zone = "+00:00";


/*!40101 SET @OLD_CHARACTER_SET_CLIENT=@@CHARACTER_SET_CLIENT */;
/*!40101 SET @OLD_CHARACTER_SET_RESULTS=@@CHARACTER_SET_RESULTS */;
/*!40101 SET @OLD_COLLATION_CONNECTION=@@COLLATION_CONNECTION */;
/*!40101 SET NAMES utf8mb4 */;

--
-- Base de datos: `hotel yovag`
--

-- --------------------------------------------------------

--
-- Estructura de tabla para la tabla `atencion`
--

CREATE TABLE `atencion` (
  `id_habtiacion` int(11) NOT NULL,
  `id_reserva` int(11) NOT NULL,
  `id_empleado` int(11) NOT NULL,
  `fecha` date NOT NULL,
  `nota` varchar(200) NOT NULL
) ENGINE=InnoDB DEFAULT CHARSET=utf8mb4 COLLATE=utf8mb4_general_ci;

-- --------------------------------------------------------

--
-- Estructura de tabla para la tabla `cliente`
--

CREATE TABLE `cliente` (
  `id_cliente` int(11) NOT NULL,
  `nombre` varchar(50) NOT NULL,
  `email` int(11) NOT NULL,
  `telefono` int(15) NOT NULL,
  `fecha_registro` date NOT NULL
) ENGINE=InnoDB DEFAULT CHARSET=utf8mb4 COLLATE=utf8mb4_general_ci;

-- --------------------------------------------------------

--
-- Estructura de tabla para la tabla `empleado`
--

CREATE TABLE `empleado` (
  `id_empleado` int(11) NOT NULL,
  `id_habitacion` int(11) NOT NULL,
  `nombre` varchar(50) NOT NULL,
  `puesto` varchar(30) NOT NULL,
  `email` varchar(30) NOT NULL
) ENGINE=InnoDB DEFAULT CHARSET=utf8mb4 COLLATE=utf8mb4_general_ci;

--
-- Volcado de datos para la tabla `empleado`
--

INSERT INTO `empleado` (`id_empleado`, `id_habitacion`, `nombre`, `puesto`, `email`) VALUES
(1, 4, 'Morta Martin Elizalde', 'conserje', 'Mortalkombatbat@gmail.com'),
(2, 2, 'Isaac Mohito Valderon', 'CEO', 'Mohihihi@gmail.com'),
(3, 5, 'Choso Mahito Pvz', 'seguridad', 'Chososolala@gmail.com'),
(4, 3, 'Rodrigo Chocobo feliz', 'Director de limpieza', 'Chocolateada_remix@gmail.com'),
(5, 1, 'Jojose Leonardo Leon ', 'Gerente general', 'Mikikacurt@gmail.com');

-- --------------------------------------------------------

--
-- Estructura de tabla para la tabla `habitacion`
--

CREATE TABLE `habitacion` (
  `id_habtiacion` int(11) NOT NULL,
  `id_hotel` int(11) NOT NULL,
  `numero` int(11) NOT NULL,
  `tipo` varchar(30) NOT NULL,
  `precio_noche` double NOT NULL,
  `estado` varchar(20) NOT NULL
) ENGINE=InnoDB DEFAULT CHARSET=utf8mb4 COLLATE=utf8mb4_general_ci;

--
-- Volcado de datos para la tabla `habitacion`
--

INSERT INTO `habitacion` (`id_habtiacion`, `id_hotel`, `numero`, `tipo`, `precio_noche`, `estado`) VALUES
(1, 2, 66754554, 'Presidencial', 2300, 'disponible'),
(2, 3, 66758970, 'Doble', 670, 'disponible'),
(3, 1, 667565342, 'Deluxe', 1900, 'ocupado'),
(4, 3, 667542343, 'suite', 2300, 'ocupado'),
(5, 1, 991043222, 'Deluxe', 1900, 'disponible');

-- --------------------------------------------------------

--
-- Estructura de tabla para la tabla `hotel`
--

CREATE TABLE `hotel` (
  `id_hotel` int(11) NOT NULL,
  `nombre` varchar(100) NOT NULL,
  `ciudad` varchar(50) NOT NULL,
  `telefono` varchar(15) NOT NULL
) ENGINE=InnoDB DEFAULT CHARSET=utf8mb4 COLLATE=utf8mb4_general_ci;

--
-- Volcado de datos para la tabla `hotel`
--

INSERT INTO `hotel` (`id_hotel`, `nombre`, `ciudad`, `telefono`) VALUES
(1, 'chicas cocodrilo', 'Culiacan', '776789911'),
(2, 'Epstein´s wettest dream place', 'Mazatlán', '667473992'),
(3, 'My paradise place(Kirk´s version)', 'Mochis', '3434506594');

-- --------------------------------------------------------

--
-- Estructura de tabla para la tabla `pago`
--

CREATE TABLE `pago` (
  `id_pago` int(11) NOT NULL,
  `id_reserva` int(11) NOT NULL,
  `fecha_pago` date NOT NULL,
  `monto` double NOT NULL,
  `metodo` varchar(30) NOT NULL,
  `referencia` int(30) NOT NULL,
  `estado_pago` varchar(100) NOT NULL
) ENGINE=InnoDB DEFAULT CHARSET=utf8mb4 COLLATE=utf8mb4_general_ci;

-- --------------------------------------------------------

--
-- Estructura de tabla para la tabla `reserva`
--

CREATE TABLE `reserva` (
  `id_reserva` int(11) NOT NULL,
  `id_cliente` int(11) NOT NULL,
  `id_habitacion` int(11) NOT NULL,
  `fecha_entrada` date NOT NULL,
  `fecha_salida` int(11) NOT NULL,
  `num_huespedes` int(255) NOT NULL,
  `estado_reserva` varchar(50) NOT NULL,
  `fecha_creacion` date NOT NULL
) ENGINE=InnoDB DEFAULT CHARSET=utf8mb4 COLLATE=utf8mb4_general_ci;

-- --------------------------------------------------------

--
-- Estructura de tabla para la tabla `reserva_servicio`
--

CREATE TABLE `reserva_servicio` (
  `id_reserva` int(11) NOT NULL,
  `id_servicio` int(11) NOT NULL,
  `cantidad` int(11) NOT NULL,
  `precio_unitario` varchar(10) NOT NULL
) ENGINE=InnoDB DEFAULT CHARSET=utf8mb4 COLLATE=utf8mb4_general_ci;

-- --------------------------------------------------------

--
-- Estructura de tabla para la tabla `servicio`
--

CREATE TABLE `servicio` (
  `id_servicio` int(11) NOT NULL,
  `nombre` varchar(100) NOT NULL,
  `precio_base` varchar(100) NOT NULL
) ENGINE=InnoDB DEFAULT CHARSET=utf8mb4 COLLATE=utf8mb4_general_ci;

--
-- Índices para tablas volcadas
--

--
-- Indices de la tabla `atencion`
--
ALTER TABLE `atencion`
  ADD PRIMARY KEY (`id_habtiacion`),
  ADD KEY `id_reserva` (`id_reserva`),
  ADD KEY `id_empleado` (`id_empleado`);

--
-- Indices de la tabla `cliente`
--
ALTER TABLE `cliente`
  ADD UNIQUE KEY `email` (`email`),
  ADD KEY `id_cliente` (`id_cliente`);

--
-- Indices de la tabla `empleado`
--
ALTER TABLE `empleado`
  ADD PRIMARY KEY (`id_empleado`),
  ADD KEY `id_habitacion` (`id_habitacion`);

--
-- Indices de la tabla `habitacion`
--
ALTER TABLE `habitacion`
  ADD PRIMARY KEY (`id_habtiacion`),
  ADD KEY `id_hotel` (`id_hotel`);

--
-- Indices de la tabla `hotel`
--
ALTER TABLE `hotel`
  ADD PRIMARY KEY (`id_hotel`);

--
-- Indices de la tabla `pago`
--
ALTER TABLE `pago`
  ADD PRIMARY KEY (`id_pago`),
  ADD KEY `id_reserva` (`id_reserva`);

--
-- Indices de la tabla `reserva`
--
ALTER TABLE `reserva`
  ADD PRIMARY KEY (`id_reserva`),
  ADD KEY `id_cliente` (`id_cliente`);

--
-- Indices de la tabla `reserva_servicio`
--
ALTER TABLE `reserva_servicio`
  ADD KEY `id_reserva` (`id_reserva`),
  ADD KEY `id_servicio` (`id_servicio`);

--
-- Indices de la tabla `servicio`
--
ALTER TABLE `servicio`
  ADD PRIMARY KEY (`id_servicio`);

--
-- AUTO_INCREMENT de las tablas volcadas
--

--
-- AUTO_INCREMENT de la tabla `habitacion`
--
ALTER TABLE `habitacion`
  MODIFY `id_habtiacion` int(11) NOT NULL AUTO_INCREMENT, AUTO_INCREMENT=6;

--
-- Restricciones para tablas volcadas
--

--
-- Filtros para la tabla `cliente`
--
ALTER TABLE `cliente`
  ADD CONSTRAINT `cliente_ibfk_1` FOREIGN KEY (`id_cliente`) REFERENCES `reserva` (`id_reserva`);

--
-- Filtros para la tabla `empleado`
--
ALTER TABLE `empleado`
  ADD CONSTRAINT `empleado_ibfk_1` FOREIGN KEY (`id_empleado`) REFERENCES `habitacion` (`id_habtiacion`);

--
-- Filtros para la tabla `habitacion`
--
ALTER TABLE `habitacion`
  ADD CONSTRAINT `habitacion_ibfk_1` FOREIGN KEY (`id_hotel`) REFERENCES `hotel` (`id_hotel`);

--
-- Filtros para la tabla `pago`
--
ALTER TABLE `pago`
  ADD CONSTRAINT `pago_ibfk_1` FOREIGN KEY (`id_reserva`) REFERENCES `reserva` (`id_reserva`);

--
-- Filtros para la tabla `reserva`
--
ALTER TABLE `reserva`
  ADD CONSTRAINT `reserva_ibfk_1` FOREIGN KEY (`id_reserva`) REFERENCES `atencion` (`id_habtiacion`);

--
-- Filtros para la tabla `reserva_servicio`
--
ALTER TABLE `reserva_servicio`
  ADD CONSTRAINT `reserva_servicio_ibfk_1` FOREIGN KEY (`id_reserva`) REFERENCES `servicio` (`id_servicio`),
  ADD CONSTRAINT `reserva_servicio_ibfk_2` FOREIGN KEY (`id_servicio`) REFERENCES `reserva` (`id_reserva`);
COMMIT;

/*!40101 SET CHARACTER_SET_CLIENT=@OLD_CHARACTER_SET_CLIENT */;
/*!40101 SET CHARACTER_SET_RESULTS=@OLD_CHARACTER_SET_RESULTS */;
/*!40101 SET COLLATION_CONNECTION=@OLD_COLLATION_CONNECTION */;
